trialNumber,totalDistance,totalTimeTaken
1,6.207265,1.460169
2,40.00544,16.72772
3,33.54662,23.45927
