PositionX, PositionZ
0,-1.4
0,-1.4
0,-1.4
0,-1.4
0,-1.4
0,-1.4
0,-1.4
0,-1.4
0,-1.4
0,-1.4
0,-1.4
0,-1.4
0,-1.4
0.02683761,-1.308892
0.1580078,-1.016871
0.4180176,-0.6320507
0.764127,-0.2719418
1.169087,0.02361287
1.618908,0.2438679
2.099261,0.3821097
2.598282,0.4357118
3.098611,0.4169083
3.598015,0.3763603
4.099167,0.3603792
4.603129,0.3639193
5.10354,0.3693151
5.605948,0.3747324
